{"loss": [6.433812141418457, 3.8524303436279297, 3.518900156021118, 3.003288745880127, 2.3566689491271973, 1.5418353080749512, 0.9116283059120178, 0.5886778235435486, 0.45112156867980957, 0.36403828859329224, 0.3115491271018982, 0.27671346068382263, 0.2413586527109146, 0.26275041699409485, 0.24895107746124268, 0.2183033972978592, 0.20826806128025055, 0.24846956133842468, 0.24871741235256195, 0.18514111638069153, 0.20224295556545258, 0.17623436450958252, 0.17857101559638977, 0.1697428822517395, 0.18057332932949066, 0.21065233647823334, 0.1993403434753418, 0.19907724857330322, 0.16402265429496765, 0.1280876100063324, 0.21752353012561798, 0.1778293251991272, 0.16521389782428741, 0.17914529144763947, 0.23277929425239563], "accuracy": [0.02985553815960884, 0.04975922778248787, 0.09470304846763611, 0.19839486479759216, 0.3653290569782257, 0.5791332125663757, 0.7402889132499695, 0.8394863605499268, 0.8853932619094849, 0.9101123809814453, 0.930016040802002, 0.930016040802002, 0.9399678707122803, 0.9415730237960815, 0.9451043605804443, 0.9492776989936829, 0.9502407908439636, 0.9492776989936829, 0.9470304846763611, 0.9579454064369202, 0.9534510374069214, 0.9576243758201599, 0.9621188044548035, 0.9646869897842407, 0.9643659591674805, 0.9624398350715637, 0.9630818367004395, 0.9643659591674805, 0.9672552347183228, 0.9707865118980408, 0.9634028673171997, 0.965008020401001, 0.9730337262153625, 0.9701444506645203, 0.961476743221283], "val_loss": [4.187905311584473, 3.483523368835449, 3.4229753017425537, 2.831078052520752, 1.201879620552063, 0.6324489712715149, 0.3856184184551239, 0.8398867845535278, 0.43639233708381653, 0.5589005947113037, 0.49137377738952637, 0.49433985352516174, 0.819046676158905, 0.5479990839958191, 0.5206114053726196, 0.6403897404670715, 1.7657463550567627, 0.8963358998298645, 0.6765110492706299, 1.1022815704345703, 0.730103611946106, 0.6766425967216492, 0.7305808067321777, 0.7315558195114136, 0.7052727937698364, 0.8461935520172119, 0.8577399253845215, 0.7854953408241272, 0.8421239852905273, 0.7518835663795471, 0.6432288885116577, 0.7383697628974915, 0.8267039656639099, 0.894418478012085, 0.8376325964927673], "val_accuracy": [0.03703703731298447, 0.07122506946325302, 0.12535612285137177, 0.3304843306541443, 0.7378917336463928, 0.8575498461723328, 0.9145299196243286, 0.8461538553237915, 0.9515669345855713, 0.9515669345855713, 0.9515669345855713, 0.9515669345855713, 0.8888888955116272, 0.94017094373703, 0.9572649598121643, 0.9259259104728699, 0.8319088220596313, 0.9287749528884888, 0.9572649598121643, 0.9031339287757874, 0.9572649598121643, 0.9544159770011902, 0.9544159770011902, 0.9515669345855713, 0.9487179517745972, 0.9544159770011902, 0.9601139426231384, 0.9572649598121643, 0.9515669345855713, 0.9487179517745972, 0.9658119678497314, 0.9601139426231384, 0.9572649598121643, 0.9487179517745972, 0.9572649598121643]}